prior,condition_id,G_peak,tau_G_ms,braess_fraction,braess_r_median,braess_r_q90,braess_r_max,fraction_reaches_experimental_min
broad,G100_T030,0.1,3.0,0.0006,1.0121538498209286,1.0143609703968886,1.0149127505408786,0.0
broad,G100_T050,0.1,5.0,0.0028,1.0082158533253884,1.0182464587700242,1.0358094208522115,0.0
broad,G100_T075,0.1,7.5,0.0048,1.0069008019345902,1.0224906799047293,1.0455496247180591,0.0
broad,G100_T100,0.1,10.0,0.0058,1.0071681940648347,1.021671336910606,1.049113376428603,0.0
broad,G100_T150,0.1,15.0,0.005,1.0070457783311757,1.0207285033328712,1.0495584416530428,0.0
broad,G100_T200,0.1,20.0,0.003,1.011132123609504,1.019994254597973,1.0467208228511795,0.0
broad,G100_T300,0.1,30.0,0.0016,1.005483235347426,1.021646936453772,1.0390854147541588,0.0
broad,G100_T400,0.1,40.0,0.001,1.010566117034348,1.0237634588595452,1.032209253379408,0.0
broad,G150_T030,0.15,3.0,0.0082,1.0109372314618308,1.0331474273806938,1.0627983319439585,0.0
broad,G150_T050,0.15,5.0,0.0142,1.0129910463962477,1.0443500550339595,1.1450128786470215,0.0
broad,G150_T075,0.15,7.5,0.0166,1.0137177809630118,1.0567273258592813,1.1705942694382814,0.0
broad,G150_T100,0.15,10.0,0.0172,1.014006486609785,1.0601488727890331,1.171520469591363,0.0
broad,G150_T150,0.15,15.0,0.0162,1.01266684102678,1.0609006569025643,1.15226815913107,0.0
broad,G150_T200,0.15,20.0,0.0146,1.0126061986167718,1.0505316442393888,1.1254186926470453,0.0
broad,G150_T300,0.15,30.0,0.0116,1.0092430918926651,1.041100901875729,1.089481007558261,0.0
broad,G150_T400,0.15,40.0,0.0096,1.0084252077703957,1.0296432998619791,1.0655782728927583,0.0
broad,G200_T030,0.2,3.0,0.0166,1.014296780141221,1.060079311271231,1.192549321484192,0.0
broad,G200_T050,0.2,5.0,0.0264,1.0130519231541153,1.0596853239553852,1.2513902963652388,0.0
broad,G200_T075,0.2,7.5,0.0326,1.0127936438951364,1.0649774292719605,1.263661384881393,0.0
broad,G200_T100,0.2,10.0,0.0342,1.0118228108535938,1.0585610397589702,1.2599367928591334,0.0
broad,G200_T150,0.2,15.0,0.0326,1.0114563777337982,1.0613716496716294,1.2412127968095763,0.0
broad,G200_T200,0.2,20.0,0.0294,1.0102356231687573,1.0592333021318503,1.2191887418418192,0.0
broad,G200_T300,0.2,30.0,0.022,1.0109142429737386,1.04779996734451,1.1763243482156724,0.0
broad,G200_T400,0.2,40.0,0.017,1.0107535895444355,1.0603432719583838,1.1510172329196893,0.0
broad,G250_T030,0.25,3.0,0.0302,1.0132555601468092,1.059446405684237,1.2723499305015833,0.0
broad,G250_T050,0.25,5.0,0.0442,1.0113465087064415,1.053408942870271,1.3051072280708698,0.0
broad,G250_T075,0.25,7.5,0.0526,1.0112077154439831,1.0562968742399526,1.305553889475256,0.0
broad,G250_T100,0.25,10.0,0.0532,1.0113755175716994,1.0565226849127185,1.2985483821457502,0.0
broad,G250_T150,0.25,15.0,0.0512,1.010032936391999,1.0525704424716706,1.2817856539634738,0.0
broad,G250_T200,0.25,20.0,0.0474,1.009341476776088,1.0491477823154924,1.2652824405355636,0.0
broad,G250_T300,0.25,30.0,0.036,1.0110358847170438,1.0435998925027394,1.2343322813198498,0.0
broad,G250_T400,0.25,40.0,0.0312,1.0094361735193018,1.0569261100497886,1.206898082753548,0.0
broad,G300_T030,0.3,3.0,0.0448,1.012038838426684,1.054553038057094,1.3160576559857844,0.0
broad,G300_T050,0.3,5.0,0.0608,1.0130557709327164,1.0584260976534705,1.3255557809838494,0.0
broad,G300_T075,0.3,7.5,0.0688,1.012167269235352,1.059633994372334,1.3172526356451133,0.0
broad,G300_T100,0.3,10.0,0.0704,1.0124887261495723,1.0593754734399252,1.3084081559294258,0.0
broad,G300_T150,0.3,15.0,0.0696,1.0112709562640805,1.055840779649084,1.3030775959684195,0.0
broad,G300_T200,0.3,20.0,0.0624,1.0112823571064602,1.0587311067986909,1.2882029808866973,0.0
broad,G300_T300,0.3,30.0,0.0534,1.0100250266562725,1.0545642343994557,1.2624560637626216,0.0
broad,G300_T400,0.3,40.0,0.046,1.008280273121152,1.047018830737285,1.244066422561193,0.0
broad,G400_T030,0.4,3.0,0.0766,1.013375723853463,1.0632893743921492,1.336179719942857,0.0
broad,G400_T050,0.4,5.0,0.098,1.0121238412895224,1.0680182174197643,1.3849155823797832,0.0
broad,G400_T075,0.4,7.5,0.1056,1.013326374149096,1.068868223245742,1.404139109028742,0.0
broad,G400_T100,0.4,10.0,0.1092,1.012262333843604,1.068074704659128,1.4085225525769347,0.0
broad,G400_T150,0.4,15.0,0.1058,1.0120973671341205,1.0672757043654262,1.4050761864418864,0.0
broad,G400_T200,0.4,20.0,0.099,1.0110779436159862,1.0638540211979486,1.3959617455246776,0.0
broad,G400_T300,0.4,30.0,0.0882,1.0106403359290737,1.058077097963637,1.37265687180358,0.0
broad,G400_T400,0.4,40.0,0.0772,1.009923661779612,1.0592334913470844,1.349033230289088,0.0
broad,G500_T030,0.5,3.0,0.111,1.0134438941232466,1.070206573507755,1.4140280077708247,0.0
broad,G500_T050,0.5,5.0,0.132,1.0127285226429257,1.0755834962369386,1.4393712090155468,0.0
broad,G500_T075,0.5,7.5,0.1404,1.0131426246478732,1.0784529554874205,1.4430566786466947,0.0
broad,G500_T100,0.5,10.0,0.1408,1.0128424356253456,1.0778997162753254,1.4425305380185685,0.0
broad,G500_T150,0.5,15.0,0.1364,1.0126643110705649,1.0755524527568,1.439814796520423,0.0
broad,G500_T200,0.5,20.0,0.1334,1.0114024545409794,1.0734720893502956,1.4363741976830735,0.0
broad,G500_T300,0.5,30.0,0.1196,1.011599774623826,1.0724390040358778,1.4274100201937632,0.0
broad,G500_T400,0.5,40.0,0.112,1.010800432259639,1.0658735678130935,1.416848120395998,0.0
broad,G650_T030,0.65,3.0,0.162,1.0121015972385372,1.085321672385861,1.449459659369477,0.0
broad,G650_T050,0.65,5.0,0.1796,1.0121521717800586,1.084989884192863,1.48714344397008,0.0
broad,G650_T075,0.65,7.5,0.187,1.011825156221434,1.0829118080319222,1.5244367328532158,0.0
broad,G650_T100,0.65,10.0,0.188,1.011391060681119,1.0827520061478928,1.5338059859694295,0.0
broad,G650_T150,0.65,15.0,0.1856,1.011025828441527,1.079794575791576,1.5260417830414257,0.0
broad,G650_T200,0.65,20.0,0.1824,1.0106493419017024,1.0771260812339292,1.5066799209595032,0.0
broad,G650_T300,0.65,30.0,0.1694,1.0104365524827967,1.080486951855673,1.4627469991498832,0.0
broad,G650_T400,0.65,40.0,0.1576,1.0113182573885091,1.0791348195984205,1.4319466072158522,0.0
broad,G800_T030,0.8,3.0,0.218,1.010234422320785,1.083954969294,1.631569706962833,0.0
broad,G800_T050,0.8,5.0,0.2358,1.0097092150259734,1.077138300228224,1.699152480619975,0.0002
broad,G800_T075,0.8,7.5,0.2418,1.009741512845859,1.0769163228152026,1.7210164263969188,0.0002
broad,G800_T100,0.8,10.0,0.2404,1.00956077165811,1.0776205113513109,1.725005721811396,0.0002
broad,G800_T150,0.8,15.0,0.2378,1.009288068339481,1.0767507840482045,1.7173404150763374,0.0002
broad,G800_T200,0.8,20.0,0.2354,1.0090981615870227,1.0743553504093062,1.703165196220274,0.0002
broad,G800_T300,0.8,30.0,0.2228,1.0091962474685,1.075476998325795,1.6722608861844377,0.0002
broad,G800_T400,0.8,40.0,0.215,1.0089538855917983,1.0769430209033568,1.6447816584607775,0.0002
broad,G950_T030,0.95,3.0,0.2872,1.00837917990014,1.06971066710221,1.851611113895099,0.0002
broad,G950_T050,0.95,5.0,0.292,1.0084583225941557,1.0692393405700302,1.869791656019267,0.0002
broad,G950_T075,0.95,7.5,0.2934,1.0084507444410475,1.0688599102014371,1.8744088177732192,0.0002
broad,G950_T100,0.95,10.0,0.2938,1.0084110783569542,1.0683730490640173,1.87464407723554,0.0002
broad,G950_T150,0.95,15.0,0.2928,1.00833356056472,1.0687541134274277,1.871422229631268,0.0002
broad,G950_T200,0.95,20.0,0.2922,1.0081157812636934,1.0678530650339766,1.866645403358909,0.0002
broad,G950_T300,0.95,30.0,0.2876,1.0079868993276673,1.068168610061454,1.8564601632219584,0.0002
broad,G950_T400,0.95,40.0,0.2842,1.0079596267796689,1.0679271430998618,1.8472207129470972,0.0002
reference,G100_T030,0.1,3.0,0.0,,,,0.0
reference,G100_T050,0.1,5.0,0.0,,,,0.0
reference,G100_T075,0.1,7.5,0.0002,1.0002844116223604,1.0002844116223604,1.0002844116223604,0.0
reference,G100_T100,0.1,10.0,0.0002,1.0088509587662056,1.0088509587662056,1.0088509587662056,0.0
reference,G100_T150,0.1,15.0,0.0,,,,0.0
reference,G100_T200,0.1,20.0,0.0,,,,0.0
reference,G100_T300,0.1,30.0,0.0,,,,0.0
reference,G100_T400,0.1,40.0,0.0,,,,0.0
reference,G150_T030,0.15,3.0,0.0014,1.0080708533250486,1.0267651348841236,1.032546736051882,0.0
reference,G150_T050,0.15,5.0,0.0094,1.0234477021998634,1.0392647087165858,1.0596323805559882,0.0
reference,G150_T075,0.15,7.5,0.0172,1.021579266449728,1.0529618230429143,1.08732202038505,0.0
reference,G150_T100,0.15,10.0,0.019,1.0201051602183042,1.0579942029561762,1.102935450563261,0.0
reference,G150_T150,0.15,15.0,0.0176,1.0172340794989734,1.0613305600750005,1.0803698950984029,0.0
reference,G150_T200,0.15,20.0,0.0124,1.0146846192626682,1.0586728663003864,1.0784902054018235,0.0
reference,G150_T300,0.15,30.0,0.0088,1.0064414757023123,1.038783478634255,1.055586690334125,0.0
reference,G150_T400,0.15,40.0,0.0058,1.0030009652988157,1.0167658303841112,1.0282789668280998,0.0
reference,G200_T030,0.2,3.0,0.0184,1.0186044811422397,1.0450938149784412,1.0721869377154507,0.0
reference,G200_T050,0.2,5.0,0.0432,1.026502922202825,1.0546546291334642,1.1088298529985596,0.0
reference,G200_T075,0.2,7.5,0.059,1.0273083969199592,1.0579745830808336,1.1122243929681366,0.0
reference,G200_T100,0.2,10.0,0.065,1.0253386701113971,1.0613360665086555,1.1159129379177075,0.0
reference,G200_T150,0.2,15.0,0.0608,1.0227261437523878,1.0659902514907715,1.1297833750470585,0.0
reference,G200_T200,0.2,20.0,0.0566,1.0163916371313364,1.0605775821099512,1.1415896707515758,0.0
reference,G200_T300,0.2,30.0,0.0422,1.0067115149614363,1.0587253252496736,1.1123017088946952,0.0
reference,G200_T400,0.2,40.0,0.0312,1.005251580732202,1.0509127885803653,1.100471932173858,0.0
reference,G250_T030,0.25,3.0,0.052,1.0251861178178414,1.0524518119757758,1.1032843049556411,0.0
reference,G250_T050,0.25,5.0,0.1062,1.0238666356645425,1.05565238495358,1.1183622063278076,0.0
reference,G250_T075,0.25,7.5,0.136,1.0236818113123247,1.0586141189887337,1.1545596784151646,0.0
reference,G250_T100,0.25,10.0,0.1428,1.022797308372756,1.0607806548625045,1.170176544427206,0.0
reference,G250_T150,0.25,15.0,0.1402,1.0191855821348093,1.0617771696271607,1.193402163231828,0.0
reference,G250_T200,0.25,20.0,0.1212,1.0169328666143158,1.0606313948514252,1.2101728344672529,0.0
reference,G250_T300,0.25,30.0,0.096,1.009200706148338,1.0584913264273283,1.1958128236995056,0.0
reference,G250_T400,0.25,40.0,0.0796,1.0072698272487624,1.0552891476459874,1.1659891236124045,0.0
reference,G300_T030,0.3,3.0,0.1092,1.023446148426214,1.0531718969208568,1.1090841405007688,0.0
reference,G300_T050,0.3,5.0,0.1966,1.0203819348225398,1.0536694131266928,1.1502952010189458,0.0
reference,G300_T075,0.3,7.5,0.2346,1.0207612552438607,1.053669456469957,1.153794565887448,0.0
reference,G300_T100,0.3,10.0,0.2458,1.020299388822392,1.0553108187287497,1.1573036632706064,0.0
reference,G300_T150,0.3,15.0,0.2334,1.0185030081341218,1.057054395601442,1.1751768738176724,0.0
reference,G300_T200,0.3,20.0,0.2086,1.0170338026454309,1.0594593980140192,1.1986039454040978,0.0
reference,G300_T300,0.3,30.0,0.1694,1.0109279581309176,1.0571596874424831,1.2392482631486996,0.0
reference,G300_T400,0.3,40.0,0.1442,1.0079962131836016,1.0531653201053528,1.2621194049418076,0.0
reference,G400_T030,0.4,3.0,0.273,1.0203469597916213,1.0499713770014236,1.1257594101685542,0.0
reference,G400_T050,0.4,5.0,0.3844,1.0188853038042616,1.0496091125836196,1.1336373075683506,0.0
reference,G400_T075,0.4,7.5,0.4338,1.0179095941931944,1.0497639083763897,1.13911642450746,0.0
reference,G400_T100,0.4,10.0,0.4434,1.0176234742542545,1.0504002254604297,1.1431437977266297,0.0
reference,G400_T150,0.4,15.0,0.4228,1.0175262042823028,1.0524105885742865,1.1538942310064737,0.0
reference,G400_T200,0.4,20.0,0.3894,1.016901351073506,1.053164895873345,1.164699855138044,0.0
reference,G400_T300,0.4,30.0,0.3344,1.0147957812243673,1.0521920777447138,1.1624872012119514,0.0
reference,G400_T400,0.4,40.0,0.2918,1.0123889209099453,1.053083138059268,1.1818405373826737,0.0
reference,G500_T030,0.5,3.0,0.4572,1.0172140662433553,1.046431799909351,1.126557054915711,0.0
reference,G500_T050,0.5,5.0,0.5706,1.0163672572567992,1.0424666354426642,1.115407998249396,0.0
reference,G500_T075,0.5,7.5,0.6094,1.0159646399313258,1.042122228578348,1.1244724023506605,0.0
reference,G500_T100,0.5,10.0,0.614,1.015984489066465,1.0427469605196524,1.1296598871742378,0.0
reference,G500_T150,0.5,15.0,0.5916,1.015757695559115,1.0443272869165627,1.1393682073129523,0.0
reference,G500_T200,0.5,20.0,0.5622,1.0154805653408037,1.0460193098689738,1.147461221368146,0.0
reference,G500_T300,0.5,30.0,0.4984,1.0151450130438802,1.0481828781989488,1.162889839986412,0.0
reference,G500_T400,0.5,40.0,0.4518,1.0137181298404925,1.0506820817076934,1.1645932900470315,0.0
reference,G650_T030,0.65,3.0,0.703,1.013936440073573,1.037034690336946,1.1107426970857115,0.0
reference,G650_T050,0.65,5.0,0.7802,1.0130325741927413,1.0346156354837748,1.143558843713945,0.0
reference,G650_T075,0.65,7.5,0.8064,1.0127158629313318,1.0340359841283484,1.1539746234333237,0.0
reference,G650_T100,0.65,10.0,0.808,1.0126098142323383,1.0343017812803343,1.1603667580381365,0.0
reference,G650_T150,0.65,15.0,0.788,1.0127445613626969,1.0355378463026172,1.1720860337112713,0.0
reference,G650_T200,0.65,20.0,0.7636,1.012939740132559,1.0365174570915452,1.1820776005924094,0.0
reference,G650_T300,0.65,30.0,0.7112,1.0135554153089703,1.0385272199714517,1.1942442837918754,0.0
reference,G650_T400,0.65,40.0,0.671,1.0133524027231402,1.0401995165097802,1.197243763867281,0.0
reference,G800_T030,0.8,3.0,0.88,1.010789103071575,1.0297991405928657,1.1339796414520291,0.0
reference,G800_T050,0.8,5.0,0.9158,1.0098411266489131,1.027323081673532,1.1170702431102844,0.0
reference,G800_T075,0.8,7.5,0.9224,1.0097213347693758,1.0268523790821436,1.1121184995530973,0.0
reference,G800_T100,0.8,10.0,0.9224,1.009741013060946,1.026798085886809,1.1129061373332358,0.0
reference,G800_T150,0.8,15.0,0.9176,1.0099584345482824,1.02775536574295,1.1199518165909113,0.0
reference,G800_T200,0.8,20.0,0.906,1.0102749009334904,1.028438441894265,1.1292833520332128,0.0
reference,G800_T300,0.8,30.0,0.8766,1.0107508572121089,1.0304363029307944,1.1481777281641292,0.0
reference,G800_T400,0.8,40.0,0.8532,1.011110980110364,1.031796893373785,1.1642990170465477,0.0
reference,G950_T030,0.95,3.0,0.9746,1.0074064522561583,1.0202701720764913,1.0817087084712609,0.0
reference,G950_T050,0.95,5.0,0.9806,1.0072047430042552,1.0194385179706644,1.0804550991997928,0.0
reference,G950_T075,0.95,7.5,0.9814,1.0071746836860622,1.0192620661803546,1.0803727151672098,0.0
reference,G950_T100,0.95,10.0,0.9814,1.007180300886513,1.0193286029570223,1.0808609022892104,0.0
reference,G950_T150,0.95,15.0,0.981,1.007258634692548,1.019557411919159,1.0823581139316447,0.0
reference,G950_T200,0.95,20.0,0.9786,1.007354890841332,1.0197893323013671,1.0840236119756637,0.0
reference,G950_T300,0.95,30.0,0.972,1.007600201746245,1.0205444688517726,1.0871863962039534,0.0
reference,G950_T400,0.95,40.0,0.9684,1.0078162265732415,1.0211110105403127,1.0898529468657725,0.0
