path,sha256,bytes
/root/nmda2/NMDAR_Braess_step24_calibration_window_correction_v1_0/results_step_24_calibration_window_correction/03_acceptance_shift_by_prior.csv,bf67874df7100ada588fdf083a92886306d52e84fcd0a2a1b98da3715475ce43,788
/root/nmda2/NMDAR_Braess_step24_calibration_window_correction_v1_0/results_step_24_calibration_window_correction/04A_threshold_strong_support_shift.csv,73df0798fe8a1a47df13c8c3bb6a58f339e5d1275d45ecfcea870d568550de93,369
/root/nmda2/NMDAR_Braess_step24_calibration_window_correction_v1_0/results_step_24_calibration_window_correction/04_primary_strong_support_shift.csv,f6298f764d9a7b52303b3f4035e17b7c4fe12ce417d451aca609d4b54dc5c223,233
/root/nmda2/NMDAR_Braess_step24_calibration_window_correction_v1_0/results_step_24_calibration_window_correction/08_scientific_decision.json,51fcc5622080c9750664dc466e39cfea2cf57c84d1751f804022afe66398de9a,1162
/root/nmda2/step_25/results_step_25_corrected_strong_geometry/00_input_audit.json,dc195ffee7c61f6f755745998dc3ccee0d8ece69f4a099e5858395ef77effd79,1804
/root/nmda2/step_25/results_step_25_corrected_strong_geometry/01_corrected_target_reconstruction.json,d7251f907fe05e99b90279454916e52709d2733745ad5e280f04e151d2f97915,428
/root/nmda2/step_25/results_step_25_corrected_strong_geometry/02_corrected_accepted_cohorts.csv.gz,1439f61382a6ba144a33bafc77bf63392ace4222ae4b886a51fb9ad120dbe4b5,2092334
/root/nmda2/step_25/results_step_25_corrected_strong_geometry/04_full_80_node_grid.csv.gz,751cf6a2f4cc51e355581fd8064aa9c24337508f854306d4eabb6e9306872477,102711
/root/nmda2/step_25/results_step_25_corrected_strong_geometry/05_strong_candidates_confirmed.csv,69f8d8aeeaf39bce39c34844a73c634d735ba0aad1bfa551f7070b1ad87e4342,26780
/root/nmda2/step_25/results_step_25_corrected_strong_geometry/15_scientific_decision.json,ccfb117a4d6143c408d047d4abfea17fda430c8f8fbee417d598efa255e95dcd,871
/root/nmda2/step_25/results_step_25_corrected_strong_geometry/run_summary.json,cbc7ebf879d7fc48de9f98243e87e81349c7ad2c675923f2b4581c6461d2fa84,3758
/root/nmda2/step_28/results_step_28_residual_connectivity_stress/07_final_network_edges.csv,1e46b1cc0f81efb32e139e0d42f5f3c32183fc160cf161c06accadf71bd05531,4283
/root/nmda2/step_28/results_step_28_residual_connectivity_stress/08_final_components.csv,29dccc1069572d1e37ba4caaa53acda646369aeb5cc7505770b3b3f5818164db,3568
/root/nmda2/step_28/results_step_28_residual_connectivity_stress/09_residual_barrier_summary.csv,5996e9820765ceaa3c56b925bbff1c34d84890e301fb9660a6e6ebe884df51c7,764
/root/nmda2/step_28/results_step_28_residual_connectivity_stress/10_scientific_decision.json,3869aed80e886c1adc6b245dca43a491deaa3594b6988255398f7d0d3dd61eac,1263
