sample_id,calibration_score_corrected,r_max_confirmed_or_screen,G_peak_at_max,tau_G_ms_at_max,corrected_rank,control_plateau_PO_140_250,control_early_PO_140_200,control_late_PO_200_500,control_charge_PO_ms,control_integrated_open_state_140_500_ms,kon_A_per_ms,kon_B_per_ms,koff_A_per_ms,koff_B_per_ms,kf_plus_per_ms,ks_plus_per_ms,kf_minus_per_ms,ks_minus_per_ms,kd1_plus_per_ms,kd1_minus_per_ms,kd2_plus_per_ms,kd2_minus_per_ms,pulse_amplitude_au,glutamate_tau_ms
10052,0.0045072059678528,10.528605461120604,0.3,30.0,460.0,3.3937685628023774e-05,3.726348514454297e-05,2.1167202752751565e-05,0.1163220706879538,0.008585969934498,2.2001220656202065,0.6029706869711292,1.5867922885642205,0.022299459837967,0.5016234386740213,0.1511570603894753,0.7375380860155669,0.7181940628863113,0.0095754766298379,0.1067032607384072,1.4164345257046371,0.0004001799511279,0.1815837404874221,28.85283358458329
27084,0.0476400260926178,3.969853639602661,0.4,20.0,3522.0,0.0003692266728403,0.0004132667165388,0.0002522110797962,1.0439220489736674,0.1004593269311879,0.9123711185398556,0.454507463335552,0.6122732058299801,0.0054784367841721,0.2658075473820116,0.4070840798409506,0.3099960091586744,0.5501033309812372,0.1262548464673789,0.4048951820300551,0.7305317504598479,0.0005224163573627,0.6504440130548192,20.310696581479377
3687,0.077035852757876,3.490917205810547,0.8,40.0,4867.0,1.6526746861943544e-05,1.990208541333285e-05,1.0828499838916254e-05,0.0487306276803611,0.0044426750764748,0.2607692474541931,0.6144540738854791,1.478760940982932,0.0010264121634041,0.1501056270260597,0.113067652141327,0.2580068314259001,1.2093457410821007,0.0743504740872255,0.0111781603553602,1.3094612206207592,0.0005589691868103,1.522292861051143,13.331567032854952
6863,0.0198607644609526,2.8931779861450195,0.95,15.0,1851.0,4.447429360150941e-05,5.026788481080562e-05,2.9432716476354376e-05,0.0672355073267444,0.0118458880315546,0.1631641084127956,0.1413525367040191,0.9207549281761116,0.0031294350690316,1.189407179933894,0.0157806915208851,1.5641031381261148,0.2331820109709248,1.0880197671810732,0.0011843193731321,0.0054729387057903,0.0136513421956941,1.8803581088197323,21.30357102224744
49029,0.0746899848533116,2.8466811180114746,0.3,40.0,4747.0,0.000312916128711,0.0003660730033407,0.0002130453640189,0.6698859977826163,0.0858779894061119,1.745410172940446,1.215929597407838,1.9889534121208403,0.0068280078819255,0.1454579052687717,0.2778226435765207,0.4202552116938689,0.225132234571287,0.0257348765708818,0.059313205104349,0.9195512895597404,0.0018927038460653,1.4793756838785503,5.974503082553583
39172,0.0751499399478616,2.7656824588775635,0.95,40.0,4768.0,5.100436674778525e-07,6.003942478699803e-07,3.454109620292251e-07,0.0010945476061957,0.0001396469434809,0.1771052009941531,0.6487582122137543,1.997221401366376,0.0037828548935624,0.1348751294399883,0.0155795356213152,0.8344996934480626,1.8110145357998213,0.0170713243448522,0.1242826412357352,1.6553047986521192,0.0009847470284395,0.7751065003106191,18.909881209610266
43651,0.021122048238902,2.664806604385376,0.65,20.0,1951.0,0.0003995263053583,0.0004599655886167,0.000259468063793,0.7582372914960559,0.105438354454902,0.2702789923529883,0.5708610930802472,1.05186934598667,0.003401239571866,0.2181781682223005,0.2409572746108034,0.3979652424104235,0.1153101198104452,0.3860092355041873,0.0057833631798,1.672926379872275,0.0004549808082846,1.7764009555693836,10.755077978972006
47327,0.0723587862831813,2.6544015407562256,0.65,40.0,4651.0,0.0001623217602969,0.0001958404722383,0.0001018147275019,0.215636389226149,0.042294846584868,1.4677619015061587,0.2648179885939589,1.934128445815076,0.0302142716984684,0.9527875937417386,0.0251933228018347,0.1783312981145711,0.6612311100338333,1.422940166214422,0.002487219524607,0.1211170818220244,0.0004157172969277,1.0671478612346392,10.036565048498288
1900,0.0024290482190339,2.464842796325684,0.15,40.0,212.0,1.3722493020801474e-06,1.5342417152405246e-06,8.78413953750311e-07,0.0024821609515311,0.0003555786890395,1.5786985357744516,2.547029450558162,0.4911032709168706,0.0286621447912829,0.1244683370774107,0.012042787682498,1.7374592763087422,0.5457762888313006,0.2932267475103853,0.0056137535340637,0.635397857005711,0.0003467450458982,0.3250764520530703,8.778928962474936
46829,0.0415296337592231,2.414612054824829,0.5,40.0,3200.0,3.384047592382755e-05,3.7788844509523474e-05,2.3017070608464103e-05,0.0275814528200784,0.0091724518531106,0.5258408453490457,0.4252457702920465,0.7971778674580957,0.012671745916316,0.5099160574057595,0.0252025500518361,0.945105799963952,0.7932327965780467,1.4988077456825306,0.0037689383242293,0.0077520676547433,0.0004056652884667,1.0474402722334153,18.25594521301709
32755,0.0541046293296983,2.38668155670166,0.8,30.0,3847.0,0.0001380239419528,0.0001455553511215,9.407615864827208e-05,0.1507650135907264,0.0369561686617716,1.1728595371347172,0.0983638954871341,1.2014945156975012,0.0036910667447422,0.1919442340836177,0.2143028750000558,1.5874217342285517,0.1566963087842527,1.7688906629990977,0.0015613752001091,0.0646803281287939,0.0075825819665695,0.4440347830151935,28.292101552129377
28634,0.057395043090694,2.278776168823242,0.8,40.0,4001.0,0.0001384876192765,0.0001630312507244,8.412122472592659e-05,0.146143040702115,0.0350182424612419,0.3768605024167274,0.2580874383052743,1.5982140146947394,0.0021340745022572,1.033553125309597,0.0108167419672167,0.5758158892375249,0.1962808537286716,1.2090233835450257,0.00366647351376,0.0098005247751022,0.0096773904405641,0.2310157436953657,13.304124014634828
38506,0.0244710384636262,2.229530096054077,0.95,40.0,2181.0,0.0008477205701942,0.00098200572486,0.0005310170683234,1.306559124721623,0.21822546398862,0.2049824703141956,0.4959533893297166,1.5801903711131395,0.0458333954384531,0.6374190313166891,0.7777221089087152,1.8054766837842804,0.189545759311078,1.542569287262034,0.001229310425058,0.005642839845021,0.0003011075689083,0.7714866564325942,24.505450915678185
15395,0.0523961064266569,2.1784861087799072,0.8,30.0,3757.0,1.1725852914249438e-05,1.3727810314142751e-05,7.812181822417093e-06,0.0174804533096192,0.0031673231655736,0.1853498151763077,0.3727523875730063,0.9662799543618884,0.0183076540457434,0.1468064300554516,0.0250134373183088,0.5696655510799833,0.5873893319267798,0.910061870345496,0.0015460010477881,0.0197689198097895,0.0625772937651201,0.3321500193100924,22.57434833399986
17407,0.0620581820940615,2.103255033493042,0.95,40.0,4198.0,0.0015668044222816,0.0017654996375163,0.0010794119292771,1.3602846347894109,0.429753557034108,0.1819507511976645,0.2555961308847267,1.1191473379641614,0.0021034106621011,3.782264672076928,0.4061854198620308,1.854863538683233,0.7150258298744412,0.0209828629111006,0.0659794087763564,1.8776385421076145,0.0034675221259694,1.446766509939227,17.06273169284421
27498,0.0795015812170959,1.996782302856445,0.65,40.0,4959.0,8.391187223827805e-07,9.537551336901437e-07,5.829273085154002e-07,0.0032890451363,0.000232103500576,0.0415943530828407,2.388850620271553,1.33969295560739,0.1027856674051138,0.1966864677049534,0.031406405483284,0.43877576178183,0.9941687433385856,0.0349068604727175,0.0399675978182287,0.2932573698675677,0.0016965544352703,0.1322060466115327,4.21274426479945
34287,0.0744393683527011,1.8889448642730715,0.25,40.0,4737.0,0.0002148881988849,0.0002474390372438,0.0001478972115281,0.2524178445468792,0.059215505693058,0.6059626590894301,2.5081325033328783,1.204563323150097,0.0046849468446926,0.988483274940314,0.4090780033094514,1.2271596194187782,1.8551401004095784,1.2774873123656734,0.0026427408603275,0.0584968756871602,0.0146196878631934,1.147994205712284,10.96655702737635
37318,0.0719798851370888,1.8745825290679927,0.95,10.0,4635.0,0.0986486642914826,0.1034665029060913,0.0679655486029333,37.33652700182406,26.59765475524547,0.0230805977748588,1.0517843960037396,1.1644213727975352,0.0678026925506486,0.1302535145162896,0.1051287702396878,0.0107362134621885,0.0264730751611372,0.0695998910460436,0.0279731432159267,0.0567649035503637,0.0045075075749585,0.2869515067137499,17.496963818828746
30902,0.015876503142275,1.8670490980148315,0.5,30.0,1535.0,0.000159623862721,0.0001823748811595,9.954207390219956e-05,0.1942023529507521,0.0408051150402298,0.6007878159042876,0.3369311560227633,0.6322658385183659,0.0028719916362148,0.3196943669507335,0.0218519979894673,0.1383970599997509,0.6019709033002677,0.2247847939449373,0.079533679587074,0.6660153816663895,0.0016481425266365,0.4586873221053825,20.79138315762257
7273,0.0461943309183351,1.856209635734558,0.25,30.0,3463.0,0.0010043500117087,0.0011798493042463,0.0006175974792559,1.36810982755724,0.256070202031548,2.0931060293184767,0.8853728488596596,1.1830174761026917,0.0071330142719414,0.2393383955501327,0.2803614633555177,0.919172119836776,0.1355229436604603,0.0574843949431144,0.1027700609637459,0.653569857729943,0.003290243333821,0.1428092457459152,7.897143411309818
46580,0.03379316982749,1.8404911756515503,0.4,40.0,2742.0,0.0027732585439826,0.0030440754195186,0.0018780857544059,3.770657934829827,0.746070251492886,1.2671961959407907,0.686966754957498,1.1505786699365177,0.0042999637046338,1.539827057431324,0.5304385690759476,1.419277947421606,0.3261548558525475,0.4791967423860876,0.5393043203350429,0.6677174281309822,0.0036003985353563,0.1117204956263951,3.671056027340878
26689,0.0459273085352742,1.83599865436554,0.5,40.0,3440.0,0.0001006654908505,0.0001191810944984,6.331954678819658e-05,0.1182103666610571,0.0261467297063629,2.397349724349991,0.1952920160453265,0.781394130014505,0.0011789275154807,0.3173319565194765,0.0800848915800558,1.1809532853044626,0.5177073534301694,0.3976928172778041,0.0036924109541721,0.2488100211678902,0.0021718647452,0.7539200749640224,9.088356467126744
27495,0.034956387696231,1.8142659664154053,0.8,40.0,2803.0,0.0025811671193334,0.002993203152912,0.0015843663819597,5.980366529497381,0.65490210376263,1.537842904739149,0.1547214439356281,1.1158877106084912,0.0756207283607282,1.6242874107138845,1.8111026275318995,0.1904684890468485,1.5990732632003417,0.1363473067278357,0.0071116200824847,1.8581582152744445,0.0004301540140513,0.8185491046830632,19.044902763062485
36402,0.0571048134240076,1.7923240661621094,0.95,20.0,3989.0,2.844071327943634e-05,3.336736778434389e-05,1.899924863469649e-05,0.03049159310576,0.0077018166574695,0.3122869504172851,0.0934608704828978,0.4815826887700306,0.0200607807538344,0.1485709776264641,0.0164442680203597,1.977941865743813,0.1095697444034303,0.4455065829340446,0.0022740836744918,0.1710367675204663,0.0022969445495787,0.3468723536572135,18.293864230553385
232,0.019010371372434,1.7813713550567627,0.5,20.0,1790.0,2.966569399627123e-05,3.1845894508576664e-05,1.9684527725113733e-05,0.0567351471363207,0.0078161119880487,0.4469407836898401,0.1797584922251875,0.0920925201061507,0.0013555164258687,0.5097266395342511,0.0239686915103829,0.4950686944140902,1.909543442073138,0.0378169844781184,0.006429319648904,0.2636353786501076,0.0003865172775905,1.2721330501141903,28.49327872242321
6113,0.0088711387732784,1.726892113685608,0.95,40.0,942.0,5.684768913119471e-05,6.445646525623537e-05,3.6613558363557095e-05,0.0973753292639584,0.0148514554244412,0.0270427869551197,0.4613973229129876,0.2629330749634749,0.0072107451700226,1.0333889971658106,0.1489613019100832,1.639184321091552,1.7895790260166744,0.1027505409575418,0.0031224187212229,0.0054488914302704,0.0564024335920062,0.3684877505390612,3.466370921048133
12080,0.0647961511013089,1.7064590454101562,0.4,40.0,4314.0,0.0031326435287542,0.0035096146423718,0.0021655789535831,2.668786668558483,0.860250564617238,1.7267963984337895,0.4012675776890878,0.888769484309298,0.0019654808732761,1.120770170476152,0.1561054924357135,1.26910566562191,0.0673799148992111,1.660074156499845,0.0031746610093825,0.0163306870179926,0.0013315211205311,1.1118007490359494,12.784498773661236
29959,0.0253538288515926,1.6841591635005704,0.65,7.5,2246.0,2.053104181820629e-05,2.3493028411419112e-05,1.3554732595089152e-05,0.0345257857173619,0.0054760014832118,0.0202224438933182,2.6386110694238134,0.253914167916654,0.1580476505701953,0.3558529362758503,0.0869716193473584,0.399178653611052,0.9181846385320626,0.0124892689041778,0.0419364253227995,0.1813542650972056,0.0026654128599732,0.1164747787920251,4.202987714678925
13577,0.048695336397274,1.6772632044702254,0.95,30.0,3584.0,0.0001840889177026,0.0002179791174541,0.0001147160913128,0.1383333212785959,0.047493574441086,0.2404650314196204,0.2032798429500276,1.2282916933195065,0.0754771994208646,0.2879221169925193,0.0200423353144371,0.1373536198862518,0.2515450543651303,0.0413349320227548,0.0163925130835227,1.7311796823487935,0.004263090222736,0.1260449570790832,12.996838673963463
13715,0.0294681406249884,1.6767324752258614,0.65,30.0,2498.0,0.0003109719664731,0.0003390487470655,0.0002096899720984,0.2436649453934349,0.08324991645345,0.2737767616303785,0.3935426589706928,0.9753659420215538,0.0012939571406292,0.545881003385915,0.0287929866952883,0.740112107114687,0.1451585052048616,0.3018993941399245,0.226325231631451,1.4537509398282198,0.0060080871281189,0.2912808179790072,6.551585769868914
44207,0.062392885576944,1.6664233634509908,0.5,30.0,4217.0,0.0017758829337363,0.00189377968886,0.0012237611963509,1.2553095137519634,0.48075514023687,0.698083267316914,0.2870965457171766,0.9954601012928596,0.0013830428699823,0.850631269919785,0.5441531145506212,0.3207621552266324,1.665657918419985,1.9638770010099336,0.0074737412458718,0.0116321744767815,0.1820432112439912,0.2522408114785637,3.492668348802085
29419,0.0804880809689153,1.6647023735214723,0.95,30.0,4997.0,0.0028450256676574,0.0033447683173587,0.0019374705280077,2.589728728349632,0.7819272574438321,0.2797072604222446,0.0689011924525049,0.2846740114947362,0.0013459054283,1.4168279652847329,1.671623524030978,1.5884312499045543,1.761624212152953,0.135733762925005,0.0014028253843364,0.4066004330386354,0.0028215710943133,0.1561685318766489,18.60060256212556
1091,0.0176689037067309,1.6621415764615148,0.3,30.0,1690.0,0.0011333887263627,0.0012297850582621,0.0007537568198243,0.9007128632417463,0.299914149443016,0.7639464763216363,1.1723607293553346,0.9529564141686184,0.0014615849038128,1.0475722944325625,0.1682717975280414,0.1838438987406653,1.9231085827434151,0.3330807931251892,0.008204798030578,1.0539786293755369,0.0059319741925271,0.1674415977888131,4.671783970730565
41698,0.0064883097930203,1.662080363782283,0.25,40.0,684.0,0.0026500844776703,0.002862022988556,0.0017250017433319,1.6169918025887031,0.68922190231293,2.6802389383356444,0.4793037235005992,0.7926963562302103,0.0130121336789154,3.451953033914872,0.2179816958194788,0.928186347062968,0.9261595756967064,1.9794482706622432,0.0068818294468056,0.0072852275565853,0.0304095232745308,0.6847312700346299,18.57726402476154
16950,0.0047382411307919,1.661203926178435,0.5,40.0,492.0,8.107369124320368e-05,9.06493385124736e-05,5.250806216435372e-05,0.1137558218068797,0.0211913789600545,0.3753272140774868,1.078028228875762,1.3294675460436616,0.0029709008658744,2.989895599572982,0.0148178253949844,0.3522208394187495,1.8093593109316264,0.7661069758316896,0.0041109231252416,0.2398481838630691,0.0004597862009078,1.4270396639361225,5.444490493020079
8859,0.0530883241569282,1.6604826596129014,0.3,40.0,3800.0,0.0003088428847205,0.0003312856597603,0.0002117631586016,0.2933340184043201,0.083406087166098,0.5854774032796918,2.4070796737855904,1.3954434617147953,0.03496527764239,0.2086074584515037,0.1590919288143481,0.224245281557628,0.6652316780187197,1.6641238166695174,0.0054856017785515,0.0817929561794163,0.0012047176727996,0.3897666271412137,4.333170738225236
28451,0.0769192993033557,1.659807605751272,0.65,30.0,4860.0,0.0064128149659638,0.0069692498362359,0.0044766808226963,5.354974000431524,1.761159236983044,0.582076470345045,0.2170570680335817,0.6171589178406834,0.0036392129403591,3.904097153968245,0.0620139792057816,0.3293793714692972,0.2366733166275427,0.0052363253042642,0.0056155974226791,1.206620948703134,0.0029612516419493,0.9991565632779836,19.006659859657816
31498,0.0312559409017512,1.6578166635234013,0.8,40.0,2596.0,0.0008276851810589,0.000944289922943,0.0005520437856204,1.1486456981199835,0.2222705310626999,1.527747928423517,0.1680169672170392,1.2208867842422535,0.0386581860458261,2.1950660265161925,0.0224381899135751,0.3193974852571584,0.0586082259479341,1.3674538341876945,0.0027238503329974,1.91159990782566,0.0003037404861896,0.215173076269915,17.92917674409271
27872,0.0144244403222813,1.65727933977415,0.25,40.0,1410.0,0.0022175859362775,0.0023632740759003,0.0013795717393737,2.3019059052766213,0.555667966366128,1.97709989055234,1.5550313956752435,1.0568107593641918,0.0038004169089282,0.7343170494527843,0.1050154540643195,0.0732644241654593,0.5759446639269188,0.0404089102210164,0.0180217441995509,1.2704674803502698,0.0015954649272376,1.1572471344058088,21.692409864824143
18319,0.0411958200496919,1.6383362315165406,0.65,30.0,3180.0,0.0003028796248852,0.0003458219860811,0.0002040125562375,0.7372819363840658,0.081953086036116,1.9194586801902245,0.180042763593636,0.9902830705113072,0.183089043340296,0.3233719876047646,0.3173545318843496,1.2406965277528736,0.0975334224760162,0.2478249171336061,0.0049373924999887,1.214037742907416,0.0004215823954462,0.7081166612176939,7.592518644858399
