sample_id,calibration_score_corrected,score_replayed_from_source_integrator,abs_score_difference,H_replayed,E_replayed,L_replayed,J_full_0_600_replayed,J_corrected_140_500_replayed,valid_replayed
10052,0.0045072059678528,0.004507205967848678,4.121702978920894e-15,3.393768562801718e-05,3.726348514453577e-05,2.1167202752747628e-05,0.11632207068795129,0.008585969934496434,True
27084,0.0476400260926178,0.047640026092536696,8.110179194886769e-14,0.0003692266728403004,0.0004132667165387756,0.00025221107979618774,1.0439220489736512,0.10045932693118285,True
3687,0.077035852757876,0.0770358527578928,1.6806001035263307e-14,1.6526746861942816e-05,1.9902085413332057e-05,1.0828499838915761e-05,0.048730627680360766,0.004442675076474652,True
6863,0.0198607644609526,0.01986076446095558,2.9802549317281546e-15,4.44742936015071e-05,5.0267884810802946e-05,2.943271647635283e-05,0.0672355073267435,0.011845888031554026,True
49029,0.0746899848533116,0.07468998485289502,4.1658343441497436e-13,0.00031291612871108074,0.0003660730033407479,0.00021304536401890633,0.6698859977826073,0.08587798940611677,True
39172,0.0751499399478616,0.07514993994787562,1.4030443473700416e-14,5.100436674778392e-07,6.00394247869965e-07,3.4541096202921746e-07,0.0010945476061957455,0.00013964694348096314,True
43651,0.021122048238902,0.021122048239094974,1.9297410891461197e-13,0.00039952630535829294,0.00045996558861676466,0.00025946806379304014,0.7582372914960451,0.10543835445491792,True
47327,0.0723587862831813,0.07235878628341277,2.314676228465373e-13,0.00016232176029692044,0.00019584047223835567,0.00010181472750192181,0.2156363892261461,0.04229484658487788,True
1900,0.0024290482190339,0.0024290482190348077,9.076940588048643e-16,1.3722493020800676e-06,1.534241715240442e-06,8.784139537502379e-07,0.00248216095153107,0.0003555786890394979,True
46829,0.0415296337592231,0.04152963375922592,2.824129818890242e-15,3.384047592382709e-05,3.778884450952295e-05,2.3017070608463788e-05,0.02758145282007812,0.009172451853110514,True
32755,0.0541046293296983,0.054104629329300026,3.982716934025632e-13,0.00013802394195282024,0.0001455553511215659,9.407615864827064e-05,0.15076501359072547,0.036956168661775146,True
28634,0.057395043090694,0.05739504309112932,4.353184479555239e-13,0.00013848761927655223,0.00016303125072447786,8.412122472592635e-05,0.14614304070211465,0.035018242461246574,True
38506,0.0244710384636262,0.024471038463589934,3.626612898877113e-14,0.0008477205701942399,0.0009820057248599951,0.000531017068323421,1.30655912472162,0.21822546398862602,True
15395,0.0523961064266569,0.05239610642666608,9.180156634869263e-15,1.1725852914249099e-05,1.372781031414233e-05,7.812181822416895e-06,0.017480453309619084,0.0031673231655736083,True
17407,0.0620581820940615,0.062058182094111076,4.9578396943417147e-14,0.0015668044222816539,0.0017654996375163741,0.0010794119292771678,1.3602846347894015,0.42975355703413276,True
27498,0.0795015812170959,0.07950158121710675,1.0852430065710905e-14,8.391187223827733e-07,9.53755133690137e-07,5.829273085153967e-07,0.003289045136300056,0.00023210350057602724,True
34287,0.0744393683527011,0.07443936835269968,1.4155343563970746e-15,0.00021488819888491474,0.0002474390372438123,0.0001478972115281109,0.2524178445468788,0.059215505693062005,True
37318,0.0719798851370888,0.07197988513709085,2.040034807748725e-15,0.09864866429148268,0.10346650290609137,0.06796554860293363,37.33652700182418,26.59765475524557,True
30902,0.015876503142275,0.015876503142306746,3.174543961037557e-14,0.00015962386272100245,0.00018237488115950613,9.954207390219672e-05,0.19420235295074945,0.040805115040229385,True
7273,0.0461943309183351,0.04619433091832184,1.3260226250366713e-14,0.0010043500117087355,0.0011798493042463679,0.0006175974792559655,1.3681098275572365,0.2560702020315717,True
46580,0.03379316982749,0.033793169827509795,1.9796664307847323e-14,0.0027732585439826487,0.0030440754195186362,0.001878085754405964,3.7706579348298157,0.7460702514929074,True
26689,0.0459273085352742,0.04592730853538252,1.0832307273389574e-13,0.00010066549085056266,0.00011918109449847205,6.331954678819582e-05,0.11821036666105599,0.02614672970636707,True
27495,0.034956387696231,0.03495638769623758,6.5780714209040525e-15,0.002581167119333342,0.0029932031529119733,0.001584366381959689,5.980366529497356,0.654902103762625,True
36402,0.0571048134240076,0.057104813424017506,9.908740494779522e-15,2.8440713279435433e-05,3.3367367784342824e-05,1.8999248634695917e-05,0.030491593105759662,0.007701816657469345,True
232,0.019010371372434,0.019010371372416845,1.715294573045867e-14,2.966569399626883e-05,3.184589450857422e-05,1.968452772511177e-05,0.05673514713631944,0.007816111988047983,True
6113,0.0088711387732784,0.008871138773282087,3.686287386450715e-15,5.684768913119434e-05,6.445646525623494e-05,3.6613558363556885e-05,0.09737532926395823,0.01485145542444116,True
12080,0.0647961511013089,0.0647961511013368,2.7894353493707058e-14,0.0031326435287541863,0.0035096146423717212,0.0021655789535831344,2.6687866685584507,0.8602505646172436,True
29959,0.0253538288515926,0.02535382885160113,8.527900607901984e-15,2.05310418182061e-05,2.3493028411418915e-05,1.3554732595089077e-05,0.034525785717361805,0.005476001483211858,True
13577,0.048695336397274,0.04869533639717437,9.962863867229999e-14,0.00018408891770262513,0.00021797911745410157,0.00011471609131280041,0.13833332127859452,0.04749357444108622,True
13715,0.0294681406249884,0.02946814062488486,1.0354217483410366e-13,0.0003109719664731751,0.00033904874706552034,0.00020968997209842578,0.2436649453934342,0.08324991645345894,True
44207,0.062392885576944,0.0623928855769789,3.489569744274945e-14,0.001775882933736311,0.001893779688860054,0.001223761196350948,1.255309513751959,0.48075514023688765,True
29419,0.0804880809689153,0.08048808096890755,7.743805596760467e-15,0.0028450256676574026,0.0033447683173587345,0.0019374705280076597,2.589728728349606,0.7819272574438221,True
1091,0.0176689037067309,0.017668903706759845,2.8945595920149003e-14,0.0011333887263627921,0.001229785058262172,0.0007537568198243859,0.9007128632417438,0.29991414944304606,True
41698,0.0064883097930203,0.006488309793034664,1.436437774282595e-14,0.0026500844776702775,0.002862022988555969,0.0017250017433319564,1.6169918025886942,0.6892219023129451,True
16950,0.0047382411307919,0.004738241130794496,2.596013681799292e-15,8.10736912432034e-05,9.064933851247327e-05,5.25080621643536e-05,0.11375582180687943,0.021191378960054474,True
8859,0.0530883241569282,0.05308832415741182,4.836200884206221e-13,0.0003088428847205262,0.0003312856597603352,0.00021176315860169602,0.29333401840431816,0.08340608716612892,True
28451,0.0769192993033557,0.07691929930334736,8.340550472496489e-15,0.006412814965963791,0.006969249836235914,0.004476680822696272,5.354974000431496,1.7611592369830362,True
31498,0.0312559409017512,0.031255940901834214,8.301692666634608e-14,0.0008276851810588851,0.0009442899229430298,0.0005520437856204194,1.148645698119968,0.2222705310627076,True
27872,0.0144244403222813,0.01442444032227618,5.1209037010835345e-15,0.0022175859362775266,0.002363274075900278,0.0013795717393737528,2.301905905276609,0.5556679663661426,True
18319,0.0411958200496919,0.04119582004988056,1.8866158635333363e-13,0.0003028796248852144,0.0003458219860811297,0.00020401255623754037,0.7372819363840577,0.08195308603612989,True
