sample_id_a,sample_id_b,standardized_log_rate_distance
232,1091,3.2485524509730777
232,1900,3.4782937432933148
232,3687,2.7496915042734638
232,6113,4.539588615653141
232,6863,4.3707706917793745
232,7273,3.9223774940102163
232,8859,4.118750290752202
232,10052,3.555075097438837
232,12080,4.27872791609204
232,13577,3.617814259909044
232,13715,3.6365232144025565
232,15395,4.494703237244718
232,16950,3.1979781418895015
232,17407,3.9436206220964776
232,18319,4.371385289892425
232,26689,2.7953452917282764
232,27084,3.5307997510677724
232,27495,4.4120541545854355
232,27498,3.9628360347051474
232,27872,3.2224505939981753
232,28451,3.3380036015755645
232,28634,4.10938929627687
232,29419,3.5949282976229746
232,29959,4.184160920014631
232,30902,2.6101143054425817
232,31498,4.401859508817546
232,32755,4.278054022367125
232,34287,4.3433654530580394
232,36402,3.509636913909401
232,37318,5.6735152185651865
232,38506,5.08704252492214
232,39172,3.2614113424699784
232,41698,5.105367317248589
232,43651,3.53575000093002
232,44207,5.143759314649661
232,46580,4.486766090723772
232,46829,3.559565575774421
232,47327,3.609725417490667
232,49029,3.9103330327671344
1091,1900,3.9668234543271352
1091,3687,2.631074256287019
1091,6113,4.537473407306953
1091,6863,4.503829964635556
1091,7273,3.2101737020448002
1091,8859,3.1276743473735724
1091,10052,3.546212132441411
1091,12080,3.8373738709853153
1091,13577,3.625721804182574
1091,13715,3.0463029692114274
1091,15395,4.185534806596632
1091,16950,2.694165549975932
1091,17407,3.2160881467131
1091,18319,4.135706860181482
1091,26689,2.6131935790193443
1091,27084,3.1188594070904383
1091,27495,3.3420882089954738
1091,27498,4.121672387233348
1091,27872,2.0150434445658374
1091,28451,3.3659954574464837
1091,28634,3.938415422940365
1091,29419,3.172109649152312
1091,29959,4.533160768551125
1091,30902,2.548561837728155
1091,31498,3.989367957383409
1091,32755,3.7783260959241245
1091,34287,2.553206714585237
1091,36402,4.308920255529933
1091,37318,5.430826207042484
1091,38506,4.8721324015271
1091,39172,3.852205627546552
1091,41698,3.9002940130373345
1091,43651,2.982945157194603
1091,44207,3.5756072003338133
1091,46580,3.0174836971653254
1091,46829,4.050711632165826
1091,47327,3.246548693847065
1091,49029,3.2720121758224328
1900,3687,3.3106628598414183
1900,6113,5.734218122497271
1900,6863,4.98387880730763
1900,7273,3.410220553962065
1900,8859,2.971782216931555
1900,10052,3.562102987074312
1900,12080,4.335340792270694
1900,13577,3.496846903715273
1900,13715,3.8875151083651778
1900,15395,4.164543582885899
1900,16950,3.849250556873436
1900,17407,5.338999779298096
1900,18319,3.3025093447930733
1900,26689,3.0455376767365365
1900,27084,3.791605239447612
1900,27495,4.904777361064776
1900,27498,3.4945712019382076
1900,27872,3.6494206415846873
1900,28451,4.942985971474363
1900,28634,4.4963087564415645
1900,29419,5.293537868119479
1900,29959,4.473703394820963
1900,30902,3.1235987734633026
1900,31498,3.948597016422673
1900,32755,4.002973002126107
1900,34287,4.325717595054646
1900,36402,2.907439758163151
1900,37318,5.644136471246401
1900,38506,4.828083377305097
1900,39172,3.393541761723943
1900,41698,5.421669994908441
1900,43651,3.235499598205441
1900,44207,5.871391347735692
1900,46580,4.618425156405676
1900,46829,3.432882197644027
1900,47327,3.3030161478239233
1900,49029,3.381082292996413
3687,6113,5.139368071141767
3687,6863,5.125334908005806
3687,7273,2.9765659630960175
3687,8859,3.28855493278688
3687,10052,3.0827582223853804
3687,12080,4.547141453700523
3687,13577,3.1451949756923154
3687,13715,3.086494012966802
3687,15395,4.407597416849687
3687,16950,3.7089310128302744
3687,17407,3.876622807871715
3687,18319,3.9261822578261047
3687,26689,2.7587994745663083
3687,27084,2.5838420165898497
3687,27495,4.044180090925246
3687,27498,3.2890294190878016
3687,27872,2.5641081750649164
3687,28451,3.9790216046153284
3687,28634,4.62083670668979
3687,29419,3.835152111679635
3687,29959,4.059585734224261
3687,30902,2.243967863118173
3687,31498,4.580323538699452
3687,32755,3.9453687432476348
3687,34287,4.051443974293045
3687,36402,3.7225358430171744
3687,37318,4.817659847841143
3687,38506,5.00436890200691
3687,39172,2.307254720826099
3687,41698,5.643715360503238
3687,43651,2.072967296247149
3687,44207,5.046724782451573
3687,46580,4.001495731108681
3687,46829,4.1817058900907265
3687,47327,3.8257250174033666
3687,49029,2.483235217135881
6113,6863,3.0962696603952677
6113,7273,5.34188696726616
6113,8859,4.608101380872686
6113,10052,5.879360318473885
6113,12080,4.584724970492942
6113,13577,5.160834383402512
6113,13715,5.058073165665188
6113,15395,3.3033218085008342
6113,16950,4.706370652036608
6113,17407,4.729748512703919
6113,18319,5.902897273183393
6113,26689,4.699374069196138
6113,27084,5.537967484854773
6113,27495,5.843138121937399
6113,27498,4.418289569487127
6113,27872,5.469874579590432
6113,28451,5.029347878842416
6113,28634,3.7156805507319537
6113,29419,4.061926850496977
6113,29959,4.005112776240285
6113,30902,5.05191856151954
6113,31498,6.309719358177858
6113,32755,4.469813761159146
6113,34287,3.420153303176611
6113,36402,4.576642146826889
6113,37318,5.480221689436808
6113,38506,4.281700439666314
6113,39172,5.475182694258666
6113,41698,3.960035820818692
6113,43651,5.316843230738637
6113,44207,3.4958732507075547
6113,46580,5.264908324990933
6113,46829,4.072432464243872
6113,47327,5.138180051219689
6113,49029,5.627111725594364
6863,7273,5.208695191637148
6863,8859,4.194120223069591
6863,10052,5.957400733584565
6863,12080,2.9099142683541843
6863,13577,4.916800335350174
6863,13715,4.472988247998479
6863,15395,2.723949561603979
6863,16950,3.745173095826561
6863,17407,5.284408844517653
6863,18319,5.290326881929767
6863,26689,3.6634085053932877
6863,27084,5.628357707613402
6863,27495,6.000121059911956
6863,27498,5.0730437051379145
6863,27872,5.306390327638984
6863,28451,4.953953627248268
6863,28634,1.2799356887321593
6863,29419,4.57722254448074
6863,29959,5.399183588617795
6863,30902,4.482166616672173
6863,31498,4.73068188482856
6863,32755,3.224367235668698
6863,34287,3.5634646531801053
6863,36402,3.3021282652182498
6863,37318,5.6699291619143395
6863,38506,3.7647744249070847
6863,39172,5.620544725430446
6863,41698,3.331759966356847
6863,43651,4.815557933200927
6863,44207,3.6020502271412553
6863,46580,5.16645026407292
6863,46829,2.678151469435842
6863,47327,3.697368547118679
6863,49029,5.640458025118407
7273,8859,3.4102783914518047
7273,10052,2.2078825919871816
7273,12080,3.8673768200297363
7273,13577,3.2750944706849747
7273,13715,2.723995027150198
7273,15395,4.566589836242858
7273,16950,4.582427145000331
7273,17407,3.622568804831713
7273,18319,2.906930673017102
7273,26689,2.7949033452196845
7273,27084,1.9434026426679483
7273,27495,3.8695284751108576
7273,27498,3.809629663774229
7273,27872,2.571901844133263
7273,28451,3.8485111716093496
7273,28634,4.630722375175563
7273,29419,4.273154674603058
7273,29959,4.307206404672925
7273,30902,2.7843548645178147
7273,31498,4.3310985633479895
7273,32755,3.5556092274161086
7273,34287,3.905351082484851
7273,36402,3.750800821150362
7273,37318,4.919844328419258
7273,38506,4.806092398149782
7273,39172,3.3642886913041954
7273,41698,4.765219188771684
7273,43651,2.706275918528035
7273,44207,4.75568906668474
7273,46580,2.4893819203955827
7273,46829,4.458655564704931
7273,47327,4.122955231255187
7273,49029,1.0866778539773339
8859,10052,4.128527175532653
8859,12080,3.3504554736514582
8859,13577,3.7089209793054776
8859,13715,4.041527093019121
8859,15395,3.142093334180616
8859,16950,3.5329627926855456
8859,17407,5.130890744887028
8859,18319,3.344518582214405
8859,26689,3.073859539058418
8859,27084,3.4022610525613555
8859,27495,3.9992709399154123
8859,27498,3.413557962735443
8859,27872,3.4239129572924685
8859,28451,5.126255742158147
8859,28634,3.686912180571305
8859,29419,4.522255481353142
8859,29959,4.143713629897976
8859,30902,3.1779200420718063
8859,31498,4.065432785522849
8859,32755,3.077439743282474
8859,34287,2.7323206089679797
8859,36402,3.406241719026764
8859,37318,4.324808642014779
8859,38506,3.1402491407003907
8859,39172,4.353817446758834
8859,41698,3.966648521667871
8859,43651,2.854397757607524
8859,44207,4.019003716891239
8859,46580,3.980764079975607
8859,46829,2.636681162251553
8859,47327,2.550895015184959
8859,49029,3.4141728240223905
10052,12080,4.89360613825211
10052,13577,3.2082797501507616
10052,13715,3.6071855148911856
10052,15395,5.564043029385116
10052,16950,4.339043715556448
10052,17407,3.3283373459804486
10052,18319,3.1635144077779147
10052,26689,3.5881707669335206
10052,27084,2.2975827064600134
10052,27495,3.2478153131216074
10052,27498,3.644194434157993
10052,27872,2.418521428411817
10052,28451,3.324168331437174
10052,28634,5.428540413081824
10052,29419,4.477036802591813
10052,29959,4.113767186291713
10052,30902,3.097537499074682
10052,31498,4.359359516217493
10052,32755,4.87015498744544
10052,34287,4.7077165498531315
10052,36402,4.496262285438991
10052,37318,5.620520028421728
10052,38506,5.39195031834001
10052,39172,2.931748222174047
10052,41698,5.465204547843022
10052,43651,3.4892029981810784
10052,44207,5.8626127179362
10052,46580,3.25009319733826
10052,46829,4.808322801866186
10052,47327,4.116344345525846
10052,49029,2.0200825672909164
12080,13577,5.009293159786237
12080,13715,4.102715605778949
12080,15395,3.9922824336243035
12080,16950,3.640914501726118
12080,17407,4.816719846868382
12080,18319,3.93232087573129
12080,26689,2.6453596217551762
12080,27084,4.345677508791395
12080,27495,4.773385942827584
12080,27498,5.399717633891232
12080,27872,4.2697849529908805
12080,28451,4.641531119952332
12080,28634,2.560019566022723
12080,29419,4.035765999724325
12080,29959,5.770192121337187
12080,30902,4.071619086562665
12080,31498,3.7362305863322094
12080,32755,2.41787983172242
12080,34287,3.0626762111463477
12080,36402,3.5499414914662952
12080,37318,5.737275731060331
12080,38506,2.877352896500027
12080,39172,5.627932733688599
12080,41698,2.914877725152553
12080,43651,3.656219804177865
12080,44207,3.700479362719174
12080,46580,3.7829553832059006
12080,46829,2.634531523983337
12080,47327,3.088133482400695
12080,49029,4.435272863596074
13577,13715,3.106394284015274
13577,15395,3.966341820918535
13577,16950,4.148447297188511
13577,17407,4.225269757741316
13577,18319,3.356309838565383
13577,26689,3.761292883596934
13577,27084,3.5167216190992914
13577,27495,4.151778867177415
13577,27498,2.6304592131005253
13577,27872,2.9970838810778
13577,28451,3.4731061607727196
13577,28634,4.441738333390423
13577,29419,4.8828660919708655
13577,29959,3.3483693911471706
13577,30902,2.4696418433003786
13577,31498,3.7014552266921497
13577,32755,4.365874946510382
13577,34287,4.815282441604546
13577,36402,3.106698584302964
13577,37318,3.8126576482515833
13577,38506,5.3806409330300395
13577,39172,2.9444059569255563
13577,41698,5.5529616296100475
13577,43651,3.167231843825173
13577,44207,5.509548628986535
13577,46580,4.4010519331721305
13577,46829,4.488571163592339
13577,47327,3.5584363128454894
13577,49029,3.11095176051884
13715,15395,4.3580065756191875
13715,16950,3.7231263357862265
13715,17407,3.3341248801133525
13715,18319,4.199914740861936
13715,26689,3.113455141972091
13715,27084,2.8810252545008663
13715,27495,4.865517983163718
13715,27498,3.8112108450684485
13715,27872,3.2194953793410193
13715,28451,3.7509819130958886
13715,28634,3.8151405932146947
13715,29419,4.514789459639988
13715,29959,4.442061659989951
13715,30902,1.9831923592396368
13715,31498,3.964281158888373
13715,32755,3.9676914234220555
13715,34287,4.224446911878974
13715,36402,3.5292023479330963
13715,37318,4.96840654708676
13715,38506,5.446048858104442
13715,39172,3.0259191841567925
13715,41698,4.990562094550186
13715,43651,2.9482827497151067
13715,44207,4.759825289729322
13715,46580,2.732145352631009
13715,46829,4.395848368896843
13715,47327,4.075233819079131
13715,49029,3.1853787575200676
15395,16950,4.484140419202896
15395,17407,5.732293728009
15395,18319,4.819692774204233
15395,26689,3.555961030713551
15395,27084,5.089269197361752
15395,27495,5.780124973519788
15395,27498,3.98662971690779
15395,27872,4.8724161007196285
15395,28451,5.466473460264088
15395,28634,2.7206328999618883
15395,29419,4.927969464702503
15395,29959,4.550415217873485
15395,30902,3.963113024735207
15395,31498,5.205296747037598
15395,32755,2.8768832806295257
15395,34287,3.3721781002365834
15395,36402,2.814453719454005
15395,37318,4.643487826792664
15395,38506,4.202894782165007
15395,39172,4.836628837713721
15395,41698,4.034571309140461
15395,43651,4.34275141123333
15395,44207,3.4175106021705646
15395,46580,5.263740148759429
15395,46829,3.1787309843560907
15395,47327,3.8345147034085674
15395,49029,4.74549269279884
16950,17407,4.054784717319329
16950,18319,4.6486527364026315
16950,26689,3.342372417288797
16950,27084,4.3371841520856
16950,27495,4.313946632843174
16950,27498,4.274793552872256
16950,27872,3.373522502376767
16950,28451,3.759704431740519
16950,28634,3.2071644238651453
16950,29419,4.220954705206901
16950,29959,4.847784015437476
16950,30902,3.1567322104626805
16950,31498,3.2988542780025725
16950,32755,4.451518985610109
16950,34287,3.385319314274065
16950,36402,4.1960529630961245
16950,37318,5.93143161161494
16950,38506,4.509858015603474
16950,39172,4.3355104913825055
16950,41698,4.027749060150604
16950,43651,3.8379524933082014
16950,44207,4.706256009432393
16950,46580,4.098852458540713
16950,46829,2.9811650552381295
16950,47327,2.3430084241245637
16950,49029,4.728452360741824
17407,18319,4.547011988165574
17407,26689,4.095556466419468
17407,27084,3.5980875288631404
17407,27495,3.701565719658659
17407,27498,4.529922423686505
17407,27872,3.5676604704751584
17407,28451,2.5579818610047136
17407,28634,5.114678423426382
17407,29419,3.0634156332863838
17407,29959,4.430513497071914
17407,30902,3.958046206083746
17407,31498,4.763687005801757
17407,32755,5.052076594350378
17407,34287,4.217756741717462
17407,36402,5.092320420916974
17407,37318,6.194912975609003
17407,38506,5.46394513487663
17407,39172,4.100846899479013
17407,41698,4.981944000901295
17407,43651,3.99737268388731
17407,44207,5.086100061725732
17407,46580,2.8472443893163732
17407,46829,5.335767930325749
17407,47327,4.920101288981009
17407,49029,3.947705608337477
18319,26689,3.287978704825788
18319,27084,3.383295643144362
18319,27495,3.0147430511981215
18319,27498,4.328137228287832
18319,27872,3.7278805850603964
18319,28451,4.364764287075378
18319,28634,5.017947369235319
18319,29419,4.26607690269629
18319,29959,4.816000566211355
18319,30902,3.8700572677703295
18319,31498,3.0513853722611
18319,32755,3.437747419971998
18319,34287,4.420579323492738
18319,36402,3.20564059459103
18319,37318,5.366132505980772
18319,38506,3.966433559442627
18319,39172,4.629090634980102
18319,41698,5.0311283524490955
18319,43651,2.7548696054799247
18319,44207,5.632680968767105
18319,46580,3.8541584845917556
18319,46829,4.20415421924157
18319,47327,3.348850990935065
18319,49029,3.1448458357075655
26689,27084,3.229062536276517
26689,27495,4.043413980092003
26689,27498,4.531264079345982
26689,27872,3.0615855900565903
26689,28451,3.9048017628193286
26689,28634,3.200544097446528
26689,29419,3.262022281660514
26689,29959,5.177853551584467
26689,30902,2.6259118245411632
26689,31498,3.6773407682753594
26689,32755,2.037321068640246
26689,34287,3.04388301607658
26689,36402,2.72432832728565
26689,37318,5.75492460557147
26689,38506,4.152943242997583
26689,39172,3.8644825002875387
26689,41698,3.8625435646469053
26689,43651,2.682932088326931
26689,44207,3.805149710557165
26689,46580,3.4747033311022926
26689,46829,3.0367096556929067
26689,47327,2.86403045296968
26689,49029,3.0851669490014215
27084,27495,3.4193255519236385
27084,27498,3.7502174053632653
27084,27872,2.655923433656054
27084,28451,4.2282634049859915
27084,28634,5.0345429811170455
27084,29419,4.13873045901812
27084,29959,4.1664141279437
27084,30902,2.357937321378439
27084,31498,4.517146607482257
27084,32755,4.1786729837146765
27084,34287,4.240433806292624
27084,36402,4.269743219831557
27084,37318,4.9284748028182666
27084,38506,4.903165043970951
27084,39172,3.189043882539945
27084,41698,5.129340972198923
27084,43651,2.718081043393503
27084,44207,4.975642207437771
27084,46580,2.445676951826658
27084,46829,4.400513865860721
27084,47327,4.037986929615411
27084,49029,2.0417845310302387
27495,27498,4.908440002799394
27495,27872,3.2872724043715307
27495,28451,3.9150547036985395
27495,28634,5.715265441088519
27495,29419,3.359695532408506
27495,29959,5.016570848745528
27495,30902,4.220977057902194
27495,31498,3.956305449300257
27495,32755,4.695355051176871
27495,34287,4.207923238306677
27495,36402,5.121940945514246
27495,37318,6.038664710097288
27495,38506,4.675255604419639
27495,39172,5.1153766930396465
27495,41698,4.813971819933849
27495,43651,3.7213875759541564
27495,44207,5.2515161482901975
27495,46580,3.685708536964115
27495,46829,4.9670655826459065
27495,47327,3.7207918167857277
27495,49029,3.8798254739227103
27498,27872,3.866643469231982
27498,28451,4.595950398916808
27498,28634,4.784828666353728
27498,29419,5.262965038567123
27498,29959,1.6291561239890986
27498,30902,3.3279087292752685
27498,31498,5.134976566022135
27498,32755,5.025023384855494
27498,34287,4.522687701770256
27498,36402,3.8354780347201043
27498,37318,3.7726861456822065
27498,38506,4.918834307178664
27498,39172,2.642866062849678
27498,41698,5.769847968721743
27498,43651,3.7290381405283766
27498,44207,5.687651610769718
27498,46580,4.691144320739467
27498,46829,4.214786504982186
27498,47327,4.299692417672704
27498,49029,3.5587268283634064
27872,28451,2.8539211680089576
27872,28634,4.55802320893536
27872,29419,4.195794360249118
27872,29959,4.321909840508178
27872,30902,2.297642881616154
27872,31498,3.8169841855136393
27872,32755,4.429944407524626
27872,34287,3.8974782938682906
27872,36402,4.447388079171618
27872,37318,4.899615819420759
27872,38506,5.327619602992844
27872,39172,3.4581449623484044
27872,41698,4.798549928764035
27872,43651,2.966026136108676
27872,44207,4.856297710357993
27872,46580,3.3594657908524
27872,46829,4.472521177247731
27872,47327,3.3799784022020876
27872,49029,2.302273293579012
28451,28634,4.652416824540742
28451,29419,3.774016530583239
28451,29959,4.543848499002251
28451,30902,3.705229152389955
28451,31498,3.9625913241264255
28451,32755,5.057376038062219
28451,34287,4.715655279526257
28451,36402,4.6479549470996195
28451,37318,5.697604983216741
28451,38506,5.697645079834086
28451,39172,4.291626952999294
28451,41698,5.073588909561827
28451,43651,4.07948035387217
28451,44207,5.477076976952734
28451,46580,4.117215458600446
28451,46829,5.116969196973381
28451,47327,4.287800455323816
28451,49029,3.9631178709674706
28634,29419,4.773546875685125
28634,29959,5.326578207011381
28634,30902,3.689730100786807
28634,31498,4.206889194537271
28634,32755,3.101152510295107
28634,34287,3.422377458137977
28634,36402,3.2290044612883917
28634,37318,5.259823553412492
28634,38506,3.9789306787432457
28634,39172,5.12086260028159
28634,41698,3.1931630396210204
28634,43651,4.380518597436193
28634,44207,3.4722555960639134
28634,46580,4.641359114429663
28634,46829,2.42429101268686
28634,47327,3.0705560983190305
28634,49029,5.029204164347514
29419,29959,5.1290945744521625
29419,30902,4.428083372697979
29419,31498,4.927921773876666
29419,32755,3.7128217631248317
29419,34287,3.3470174455165025
29419,36402,4.531123887002844
29419,37318,6.4519784990607185
29419,38506,4.308949065028041
29419,39172,5.1353109069401475
29419,41698,4.319593893562442
29419,43651,3.7405275504630855
29419,44207,4.002463599493938
29419,46580,3.9603919829806618
29419,46829,4.57859635772798
29419,47327,4.480280883651828
29419,49029,4.522264050582254
29959,30902,4.099520106719648
29959,31498,5.735172449258897
29959,32755,5.58827480739152
29959,34287,4.795780509861977
29959,36402,4.527861554304947
29959,37318,3.8659921996152535
29959,38506,5.108380326469001
29959,39172,3.657070774591133
29959,41698,5.895952282253885
29959,43651,4.349443517469938
29959,44207,5.83700173721623
29959,46580,4.964924688285161
29959,46829,4.812454515983485
29959,47327,5.057879899855714
29959,49029,4.180617522808825
30902,31498,3.722066038591963
30902,32755,3.839027468462586
30902,34287,4.085098637922354
30902,36402,3.2878744430221674
30902,37318,4.5178571466933715
30902,38506,5.173712273841998
30902,39172,2.5818001932864867
30902,41698,4.838333046350676
30902,43651,2.7387513865861712
30902,44207,4.625225609555034
30902,46580,3.362481469619664
30902,46829,3.642891198998548
30902,47327,3.043881930224186
30902,49029,2.812651975140225
31498,32755,4.231078123121503
31498,34287,4.799550858304221
31498,36402,3.703297574908973
31498,37318,5.840076352943469
31498,38506,4.78425325167886
31498,39172,5.256391546440499
31498,41698,4.899735850496899
31498,43651,3.46980964412141
31498,44207,5.874344229542509
31498,46580,4.3077565595842175
31498,46829,4.106916365169383
31498,47327,2.459880664283259
31498,49029,4.64970895389677
32755,34287,3.1126775033671854
32755,36402,2.538493044793037
32755,37318,5.487245314858697
32755,38506,3.3697806850557788
32755,39172,5.078997098702471
32755,41698,3.698456392402821
32755,43651,3.184135987420603
32755,44207,3.362874989616186
32755,46580,4.159280031343571
32755,46829,3.1576919454968637
32755,47327,3.4251753050054092
32755,49029,3.9701786805063026
34287,36402,4.28750736548126
34287,37318,5.838437180249327
34287,38506,3.4665081561452413
34287,39172,5.081264283857783
34287,41698,2.493170161448776
34287,43651,3.8889601126200612
34287,44207,2.4684737550882168
34287,46580,3.534077600535452
34287,46829,3.29972113650354
34287,47327,3.5678672152689668
34287,49029,4.239163423757033
36402,37318,4.869324554408241
36402,38506,4.040184143583312
36402,39172,4.038913187906787
36402,41698,4.901305436047852
36402,43651,3.091736252048638
36402,44207,4.990284114306767
36402,46580,4.766411340014567
36402,46829,3.0272923923260158
36402,47327,3.2942607780595567
36402,49029,4.024046590425821
37318,38506,5.417403510651526
37318,39172,5.259847477797822
37318,41698,6.542323885927924
37318,43651,4.4317007458110025
37318,44207,6.011164485212384
37318,46580,5.9401692586302834
37318,46829,5.409591954244832
37318,47327,5.297645345948069
37318,49029,4.703150411124462
38506,39172,6.051406213368451
38506,41698,3.925816713818869
38506,43651,4.109273532118402
38506,44207,4.544659234351517
38506,46580,4.844125515029049
38506,46829,2.798188464998617
38506,47327,3.7161133815736154
38506,49029,5.097325844080766
39172,41698,6.342573153589151
39172,43651,3.6161016511435484
39172,44207,6.031981446813938
39172,46580,4.405174224724936
39172,46829,4.7932493632513395
39172,47327,4.648299875178754
39172,49029,2.998232771991921
41698,43651,5.3093721389552115
41698,44207,2.4910920935020817
41698,46580,3.9848259409448983
41698,46829,3.5053667811099927
41698,47327,3.7346941834671235
41698,49029,5.360958842547645
43651,44207,5.045672434450698
43651,46580,3.597516888054184
43651,46829,3.9921556685743047
43651,47327,3.462063614975607
43651,49029,2.654254206046357
44207,46580,4.3032999103508995
44207,46829,4.206621524692606
44207,47327,4.552422009236088
44207,49029,5.159207328608591
46580,46829,4.612803708110661
46580,47327,4.250233380081332
46580,49029,3.2551749912260672
46829,47327,2.2939081357829325
46829,49029,4.7158009303821125
47327,49029,4.251030211311778
