sample_id,nearest_sample_id,nearest_distance
232,30902,2.6101143054425817
1091,27872,2.0150434445658374
1900,36402,2.907439758163151
3687,43651,2.072967296247149
6113,6863,3.0962696603952677
6863,28634,1.2799356887321593
7273,49029,1.0866778539773339
8859,47327,2.550895015184959
10052,49029,2.0200825672909164
12080,32755,2.41787983172242
13577,30902,2.4696418433003786
13715,30902,1.9831923592396368
15395,28634,2.7206328999618883
16950,47327,2.3430084241245637
17407,28451,2.5579818610047136
18319,43651,2.7548696054799247
26689,32755,2.037321068640246
27084,7273,1.9434026426679483
27495,18319,3.0147430511981215
27498,29959,1.6291561239890986
27872,1091,2.0150434445658374
28451,17407,2.5579818610047136
28634,6863,1.2799356887321593
29419,17407,3.0634156332863838
29959,27498,1.6291561239890986
30902,13715,1.9831923592396368
31498,47327,2.459880664283259
32755,26689,2.037321068640246
34287,44207,2.4684737550882168
36402,32755,2.538493044793037
37318,27498,3.7726861456822065
38506,46829,2.798188464998617
39172,3687,2.307254720826099
41698,44207,2.4910920935020817
43651,3687,2.072967296247149
44207,34287,2.4684737550882168
46580,27084,2.445676951826658
46829,47327,2.2939081357829325
47327,46829,2.2939081357829325
49029,7273,1.0866778539773339
